n	PS	R	BC
1		0.02308202	
2		0.02560043	
3		0.02556157	
4		0.02613068	
10		0.02562571	
19		0.0257504	
36		0.02561641	
100		0.02560759	
250		0.02567697	
1000		0.02564716	
2137		0.02558231	
10000		0.02572393	
100000		0.02672505	
1000000		0.03678942	
10000000		OffTheScale	